<?xml version="1.0" encoding="UTF-8"?>
<skin name="Default GameCube" author="Starknebula" type="gamecube">

    <background name="Blue" image="GCN_Controller_Blue.png" />
    <background name="Black" image="GCN_Controller_Black.png" />
    <background name="Green" image="GCN_Controller_Green.png" />
    <background name="Orange" image="GCN_Controller_Orange.png" />
    <background name="Pink" image="GCN_Controller_Pink.png" />
    <background name="Purple" image="GCN_Controller_Purple.png" />
    <background name="Red" image="GCN_Controller_Red.png" />
    <background name="White" image="GCN_Controller_White.png" />

    <button name="a" image="A.png" x="267" y="116" width="42" height="42" />
    <button name="b" image="B.png" x="233" y="143" width="28" height="28" />
    <button name="x" image="X.png" x="314" y="109" width="25" height="39" />
    <button name="y" image="Y.png" x="257" y="86" width="40" height="27" />
    <button name="z" image="Z.png" x="270" y="59" width="57" height="29" />
    <button name="start" image="Start.png" x="170" y="130" width="18" height="18" />

    <button name="r" image="RL-full.png" x="342" y="42" width="8" height="8" />
    <analog name="trig_r" image="R-bar.png" x="249" y="42" width="100" height="8"
            direction="right" reverse="false" />

    <button name="l" image="RL-full.png" x="11" y="42" width="8" height="8" />
    <analog name="trig_l" image="L-bar.png" x="11" y="42" width="100" height="8"
            direction="left" reverse="false" />

    <button name="up" image="Dpad-Up.png" x="112" y="192" width="18" height="17" />
    <button name="down" image="Dpad-Down.png" x="112" y="223" width="18" height="17" />
    <button name="left" image="Dpad-Left.png" x="96" y="207" width="18" height="18" />
    <button name="right" image="Dpad-Right.png" x="127" y="207" width="18" height="18" />

    <stick xname="lstick_x" yname="lstick_y" image="Stick.png"
           x="50" y="117" width="41" height="41" xrange="20" yrange="20"/>

    <stick xname="cstick_x" yname="cstick_y" image="C-stick.png"
           x="222" y="201" width="31" height="31" xrange="16" yrange="16"/>

</skin>
