<?xml version="1.0" encoding="UTF-8"?>
<skin name="Default N64" author="jaburns" version="1.0" type="n64">

    <background name="Default" image="pad.png" />

    <button name="a" image="circle.png" x="123" y="63" width="17" height="17" />
    <button name="b" image="circle.png" x="110" y="50" width="17" height="17" />
    <button name="z" image="circle.png" x="56" y="95" width="10" height="24" />
    <button name="start" image="circle.png" x="79" y="52" width="20" height="20" />

    <button name="cup" image="circle.png" x="137" y="36" width="10" height="10" />
    <button name="cdown" image="circle.png" x="137" y="52" width="10" height="10" />
    <button name="cleft" image="circle.png" x="129" y="44" width="10" height="10" />
    <button name="cright" image="circle.png" x="146" y="44" width="10" height="10" />

    <button name="r" image="circle.png" x="128" y="15" width="27" height="10" />
    <button name="l" image="circle.png" x="24" y="15" width="27" height="10" />

    <button name="up" image="circle.png" x="32" y="43" width="10" height="10" />
    <button name="down" image="circle.png" x="32" y="59" width="10" height="10" />
    <button name="left" image="circle.png" x="24" y="51" width="10" height="10" />
    <button name="right" image="circle.png" x="41" y="51" width="10" height="10" />

    <stick xname="stick_x" yname="stick_y" image="stick.png"
           x="81" y="85" width="14" height="14" xrange="12" yrange="12" />

</skin>
