<?xml version="1.0" encoding="UTF-8"?>
<skin name="Default NES" author="jaburns" version="1.0" type="nes">

    <background name="Default" image="nes.png" />

    <button name="a" image="circle.png" x="189" y="61" width="24" height="24" />
    <button name="b" image="circle.png" x="158" y="61" width="24" height="24" />

    <button name="start" image="circle.png" x="116" y="64" width="28" height="17" />
    <button name="select" image="circle.png" x="86" y="64" width="28" height="17" />

    <button name="up" image="circle.png" x="42" y="41" width="16" height="16" />
    <button name="down" image="circle.png" x="42" y="69" width="16" height="16" />
    <button name="left" image="circle.png" x="28" y="55" width="16" height="16" />
    <button name="right" image="circle.png" x="56" y="55" width="16" height="16" />

</skin>
