<?xml version="1.0" encoding="UTF-8"?>
<skin name="High-Res N64" author="Forstride" type="n64">

    <background name="Default" image="pad.png" />

    <button name="a" image="button-round.png" x="624" y="318" width="80" height="80" />
    <button name="b" image="button-round.png" x="563" y="259" width="80" height="80" />
    <button name="z" image="button-round.png" x="278" y="461" width="68" height="140" />
    <button name="start" image="button-round.png" x="395" y="256" width="103" height="102" />

    <button name="cup" image="button-round.png" x="689" y="172" width="65" height="66" />
    <button name="cdown" image="button-round.png" x="693" y="264" width="65" height="66" />
    <button name="cleft" image="button-round.png" x="642" y="216" width="65" height="66" />
    <button name="cright" image="button-round.png" x="740" y="220" width="65" height="66" />

    <button name="r" image="button-r.png" x="602" y="80" width="202" height="86" />
    <button name="l" image="button-l.png" x="92" y="84" width="197" height="88" />

    <button name="up" image="button-dpad.png" x="159" y="219" width="56" height="56" />
    <button name="down" image="button-dpad.png" x="158" y="306" width="56" height="56" />
    <button name="left" image="button-dpad.png" x="118" y="266" width="56" height="56" />
    <button name="right" image="button-dpad.png" x="200" y="261" width="56" height="56" />

    <stick xname="stick_x" yname="stick_y" image="stick.png"
           x="406" y="429" width="80" height="80" xrange="60" yrange="60" />

</skin>
