<?xml version="1.0" encoding="UTF-8"?>
<skin name="Default GamePad" author="jaburns" version="1.0" type="pad">

    <background name="Default" image="pad.png" />

    <button name="b0" image="circle.png" x="221" y="61" width="23" height="23" />
    <button name="b1" image="circle.png" x="241" y="41" width="23" height="23" />
    <button name="b2" image="circle.png" x="199" y="41" width="23" height="23" />
    <button name="b3" image="circle.png" x="220" y="22" width="23" height="23" />

    <button name="b4" image="circle.png" x="61" y="2" width="30" height="14" />
    <analog name="z" image="trig-r.png" x="261" y="18"
            direction="up" reverse="true" usenegative="true" />

    <button name="b5" image="circle.png" x="213" y="2" width="30" height="14" />
    <analog name="z" image="trig-l.png" x="15" y="18"
            direction="up" reverse="true" />

    <button name="b7" image="circle.png" x="172" y="45" width="22" height="16" />
    <button name="b6" image="circle.png" x="108" y="45" width="22" height="16" />

    <button name="b8" image="circle.png" x="49" y="28" width="42" height="42" />
    <button name="b9" image="circle.png" x="170" y="75" width="42" height="42" />

    <button name="up"    image="circle.png" x="101" y="71" width="16" height="16" />
    <button name="down"  image="circle.png" x="101" y="105" width="16" height="16" />
    <button name="left"  image="circle.png" x="84" y="89" width="16" height="16" />
    <button name="right" image="circle.png" x="117" y="88" width="16" height="16" />

    <stick xname="x" yname="y" image="stick.png"
           x="53" y="31" width="34" height="35" xrange="9" yrange="9" yreverse="true" />
    <stick xname="rx" yname="ry" image="stick.png"
           x="174" y="78" width="34" height="35" xrange="9" yrange="9" yreverse="true" />

</skin>
